{"format_version":"1.12.0","minecraft:geometry":[{"description":{"identifier":"geometry.biome_tyrannosaurus","texture_width":64.0,"texture_height":32.0,"visible_bounds_height":1.5,"visible_bounds_offset":[0.0,0.5,0.0],"visible_bounds_width":1.5},"bones":[{"name":"body","pivot":[0.0,8.0,0.0],"cubes":[{"origin":[-3.0,4.0,-3.0],"rotation":[90.0,0.0,0.0],"size":[6.0,8.0,6.0],"uv":[0.0,9.0]}]},{"name":"head","pivot":[0.0,9.0,-4.0],"cubes":[{"origin":[-2.0,9.0,-6.0],"size":[4.0,6.0,3.0],"uv":[0.0,0.0]}],"locators":{"lead":[0.0,9.0,-4.0]}},{"name":"comb","parent":"head","pivot":[0.0,9.0,-4.0],"cubes":[{"origin":[-1.0,9.0,-7.0],"size":[2.0,2.0,2.0],"uv":[14.0,4.0]}]},{"name":"beak","parent":"head","pivot":[0.0,9.0,-4.0],"cubes":[{"origin":[-2.0,11.0,-8.0],"size":[4.0,2.0,2.0],"uv":[14.0,0.0]}]},{"name":"leg0","pivot":[-2.0,5.0,1.0],"cubes":[{"origin":[-3.0,0.0,-2.0],"size":[3.0,5.0,3.0],"uv":[26.0,0.0]}]},{"name":"leg1","pivot":[1.0,5.0,1.0],"cubes":[{"origin":[0.0,0.0,-2.0],"size":[3.0,5.0,3.0],"uv":[26.0,0.0]}]},{"name":"wing0","pivot":[-3.0,11.0,0.0],"cubes":[{"origin":[-4.0,7.0,-3.0],"size":[1.0,4.0,6.0],"uv":[24.0,13.0]}]},{"name":"wing1","pivot":[3.0,11.0,0.0],"cubes":[{"origin":[3.0,7.0,-3.0],"size":[1.0,4.0,6.0],"uv":[24.0,13.0]}]}]},{"description":{"identifier":"geometry.chicken","texture_width":64.0,"texture_height":32.0,"visible_bounds_height":1.5,"visible_bounds_offset":[0.0,0.5,0.0],"visible_bounds_width":1.5},"bones":[{"name":"body","pivot":[0.0,8.0,0.0],"cubes":[{"origin":[-3.0,4.0,-3.0],"size":[6.0,8.0,6.0],"uv":[0.0,9.0]}]},{"name":"head","pivot":[0.0,9.0,-4.0],"cubes":[{"origin":[-2.0,9.0,-6.0],"size":[4.0,6.0,3.0],"uv":[0.0,0.0]}],"locators":{"lead":[0.0,9.0,-4.0]}},{"name":"comb","parent":"head","pivot":[0.0,9.0,-4.0],"cubes":[{"origin":[-1.0,9.0,-7.0],"size":[2.0,2.0,2.0],"uv":[14.0,4.0]}]},{"name":"beak","parent":"head","pivot":[0.0,9.0,-4.0],"cubes":[{"origin":[-2.0,11.0,-8.0],"size":[4.0,2.0,2.0],"uv":[14.0,0.0]}]},{"name":"leg0","pivot":[-2.0,5.0,1.0],"cubes":[{"origin":[-3.0,0.0,-2.0],"size":[3.0,5.0,3.0],"uv":[26.0,0.0]}]},{"name":"leg1","pivot":[1.0,5.0,1.0],"cubes":[{"origin":[0.0,0.0,-2.0],"size":[3.0,5.0,3.0],"uv":[26.0,0.0]}]},{"name":"wing0","pivot":[-3.0,11.0,0.0],"cubes":[{"origin":[-4.0,7.0,-3.0],"size":[1.0,4.0,6.0],"uv":[24.0,13.0]}]},{"name":"wing1","pivot":[3.0,11.0,0.0],"cubes":[{"origin":[3.0,7.0,-3.0],"size":[1.0,4.0,6.0],"uv":[24.0,13.0]}]}]}]}